lang	suite	transport	pattern	size	c_tput_ops	bind_tput_ops	tput_ratio_pct	c_lat_ms	bind_lat_ms	lat_ratio	c_status	bind_status	c_report	bind_report	pair_tag
node	single	tcp	PAIR	64	2366247.200	443345.000	18.7	1.363273	147.461413	108.17	complete (reused baseline)	complete	bindings/c/perf/results/single/report/perf_c_single_linux_20260911_023715_c0180-node-single-tcp.txt	bindings/node/perf/results/single/report/perf_node_single_linux_20260911_063227_c0180-node-single-tcp-clean.txt	c0180-node-single-tcp-clean
node	single	tcp	PAIR	256	1266561.400	345710.200	27.3	1.822170	106.139503	58.25	complete (reused baseline)	complete	bindings/c/perf/results/single/report/perf_c_single_linux_20260911_023715_c0180-node-single-tcp.txt	bindings/node/perf/results/single/report/perf_node_single_linux_20260911_063227_c0180-node-single-tcp-clean.txt	c0180-node-single-tcp-clean
node	single	tcp	PAIR	1024	649821.800	278935.600	42.9	1.135589	41.981772	36.97	complete (reused baseline)	complete	bindings/c/perf/results/single/report/perf_c_single_linux_20260911_023715_c0180-node-single-tcp.txt	bindings/node/perf/results/single/report/perf_node_single_linux_20260911_063227_c0180-node-single-tcp-clean.txt	c0180-node-single-tcp-clean
node	single	tcp	PAIR	65536	41339.000	66746.000	161.5	0.326957	0.430369	1.32	complete (reused baseline)	complete	bindings/c/perf/results/single/report/perf_c_single_linux_20260911_023715_c0180-node-single-tcp.txt	bindings/node/perf/results/single/report/perf_node_single_linux_20260911_063227_c0180-node-single-tcp-clean.txt	c0180-node-single-tcp-clean
node	single	tcp	PAIR	131072	26627.800	33952.600	127.5	0.259109	0.441007	1.70	complete (reused baseline)	complete	bindings/c/perf/results/single/report/perf_c_single_linux_20260911_023715_c0180-node-single-tcp.txt	bindings/node/perf/results/single/report/perf_node_single_linux_20260911_063227_c0180-node-single-tcp-clean.txt	c0180-node-single-tcp-clean
node	single	tcp	PAIR	262144	16042.800	17715.800	110.4	0.235897	0.307817	1.30	complete (reused baseline)	complete	bindings/c/perf/results/single/report/perf_c_single_linux_20260911_023715_c0180-node-single-tcp.txt	bindings/node/perf/results/single/report/perf_node_single_linux_20260911_063227_c0180-node-single-tcp-clean.txt	c0180-node-single-tcp-clean
node	single	tcp	PUBSUB	64	1666371.400	283051.000	17.0	1.275500	272.217435	213.42	complete (reused baseline)	complete	bindings/c/perf/results/single/report/perf_c_single_linux_20260911_023715_c0180-node-single-tcp.txt	bindings/node/perf/results/single/report/perf_node_single_linux_20260911_063227_c0180-node-single-tcp-clean.txt	c0180-node-single-tcp-clean
node	single	tcp	PUBSUB	256	1143518.000	266154.200	23.3	1.241952	145.362264	117.04	complete (reused baseline)	complete	bindings/c/perf/results/single/report/perf_c_single_linux_20260911_023715_c0180-node-single-tcp.txt	bindings/node/perf/results/single/report/perf_node_single_linux_20260911_063227_c0180-node-single-tcp-clean.txt	c0180-node-single-tcp-clean
node	single	tcp	PUBSUB	1024	652960.600	233256.400	35.7	0.685200	51.222420	74.76	complete (reused baseline)	complete	bindings/c/perf/results/single/report/perf_c_single_linux_20260911_023715_c0180-node-single-tcp.txt	bindings/node/perf/results/single/report/perf_node_single_linux_20260911_063227_c0180-node-single-tcp-clean.txt	c0180-node-single-tcp-clean
node	single	tcp	PUBSUB	65536	12588.000	16409.200	130.4	0.231601	0.420192	1.81	complete (reused baseline)	complete	bindings/c/perf/results/single/report/perf_c_single_linux_20260911_023715_c0180-node-single-tcp.txt	bindings/node/perf/results/single/report/perf_node_single_linux_20260911_063227_c0180-node-single-tcp-clean.txt	c0180-node-single-tcp-clean
node	single	tcp	PUBSUB	131072	5802.600	6110.600	105.3	0.215443	0.390824	1.81	complete (reused baseline)	complete	bindings/c/perf/results/single/report/perf_c_single_linux_20260911_023715_c0180-node-single-tcp.txt	bindings/node/perf/results/single/report/perf_node_single_linux_20260911_063227_c0180-node-single-tcp-clean.txt	c0180-node-single-tcp-clean
node	single	tcp	PUBSUB	262144	2421.400	3588.000	148.2	0.220456	0.432194	1.96	complete (reused baseline)	complete	bindings/c/perf/results/single/report/perf_c_single_linux_20260911_023715_c0180-node-single-tcp.txt	bindings/node/perf/results/single/report/perf_node_single_linux_20260911_063227_c0180-node-single-tcp-clean.txt	c0180-node-single-tcp-clean
node	single	tcp	DEALER_DEALER	64	2116423.000	385324.600	18.2	50.738632	172.977913	3.41	complete (reused baseline)	complete	bindings/c/perf/results/single/report/perf_c_single_linux_20260911_023715_c0180-node-single-tcp.txt	bindings/node/perf/results/single/report/perf_node_single_linux_20260911_063227_c0180-node-single-tcp-clean.txt	c0180-node-single-tcp-clean
node	single	tcp	DEALER_DEALER	256	1360582.200	311926.600	22.9	1.726738	113.445530	65.70	complete (reused baseline)	complete	bindings/c/perf/results/single/report/perf_c_single_linux_20260911_023715_c0180-node-single-tcp.txt	bindings/node/perf/results/single/report/perf_node_single_linux_20260911_063227_c0180-node-single-tcp-clean.txt	c0180-node-single-tcp-clean
node	single	tcp	DEALER_DEALER	1024	760883.800	264616.200	34.8	0.976352	45.068426	46.16	complete (reused baseline)	complete	bindings/c/perf/results/single/report/perf_c_single_linux_20260911_023715_c0180-node-single-tcp.txt	bindings/node/perf/results/single/report/perf_node_single_linux_20260911_063227_c0180-node-single-tcp-clean.txt	c0180-node-single-tcp-clean
node	single	tcp	DEALER_DEALER	65536	42593.600	66003.400	155.0	0.315254	0.472028	1.50	complete (reused baseline)	complete	bindings/c/perf/results/single/report/perf_c_single_linux_20260911_023715_c0180-node-single-tcp.txt	bindings/node/perf/results/single/report/perf_node_single_linux_20260911_063227_c0180-node-single-tcp-clean.txt	c0180-node-single-tcp-clean
node	single	tcp	DEALER_DEALER	131072	26468.200	33262.000	125.7	0.257606	0.406646	1.58	complete (reused baseline)	complete	bindings/c/perf/results/single/report/perf_c_single_linux_20260911_023715_c0180-node-single-tcp.txt	bindings/node/perf/results/single/report/perf_node_single_linux_20260911_063227_c0180-node-single-tcp-clean.txt	c0180-node-single-tcp-clean
node	single	tcp	DEALER_DEALER	262144	15912.800	16303.400	102.5	0.233507	0.355795	1.52	complete (reused baseline)	complete	bindings/c/perf/results/single/report/perf_c_single_linux_20260911_023715_c0180-node-single-tcp.txt	bindings/node/perf/results/single/report/perf_node_single_linux_20260911_063227_c0180-node-single-tcp-clean.txt	c0180-node-single-tcp-clean
node	single	tcp	DEALER_ROUTER	64	2105993.200	149658.000	7.1	2.044359	716.010929	350.24	complete (reused baseline)	complete	bindings/c/perf/results/single/report/perf_c_single_linux_20260911_023715_c0180-node-single-tcp.txt	bindings/node/perf/results/single/report/perf_node_single_linux_20260911_063227_c0180-node-single-tcp-clean.txt	c0180-node-single-tcp-clean
node	single	tcp	DEALER_ROUTER	256	1280542.000	144798.200	11.3	1.817547	304.905816	167.76	complete (reused baseline)	complete	bindings/c/perf/results/single/report/perf_c_single_linux_20260911_023715_c0180-node-single-tcp.txt	bindings/node/perf/results/single/report/perf_node_single_linux_20260911_063227_c0180-node-single-tcp-clean.txt	c0180-node-single-tcp-clean
node	single	tcp	DEALER_ROUTER	1024	701569.000	141623.600	20.2	1.060775	77.574203	73.13	complete (reused baseline)	complete	bindings/c/perf/results/single/report/perf_c_single_linux_20260911_023715_c0180-node-single-tcp.txt	bindings/node/perf/results/single/report/perf_node_single_linux_20260911_063227_c0180-node-single-tcp-clean.txt	c0180-node-single-tcp-clean
node	single	tcp	DEALER_ROUTER	65536	40686.600	49421.800	121.5	0.333045	1.359616	4.08	complete (reused baseline)	complete	bindings/c/perf/results/single/report/perf_c_single_linux_20260911_023715_c0180-node-single-tcp.txt	bindings/node/perf/results/single/report/perf_node_single_linux_20260911_063227_c0180-node-single-tcp-clean.txt	c0180-node-single-tcp-clean
node	single	tcp	DEALER_ROUTER	131072	26612.600	29591.600	111.2	0.255582	0.599374	2.35	complete (reused baseline)	complete	bindings/c/perf/results/single/report/perf_c_single_linux_20260911_023715_c0180-node-single-tcp.txt	bindings/node/perf/results/single/report/perf_node_single_linux_20260911_063227_c0180-node-single-tcp-clean.txt	c0180-node-single-tcp-clean
node	single	tcp	DEALER_ROUTER	262144	15999.600	15271.800	95.5	0.233509	0.418951	1.79	complete (reused baseline)	complete	bindings/c/perf/results/single/report/perf_c_single_linux_20260911_023715_c0180-node-single-tcp.txt	bindings/node/perf/results/single/report/perf_node_single_linux_20260911_063227_c0180-node-single-tcp-clean.txt	c0180-node-single-tcp-clean
node	single	tcp	ROUTER_ROUTER	64	1777788.200	152355.200	8.6	0.184484	713.672725	3868.48	complete (reused baseline)	complete	bindings/c/perf/results/single/report/perf_c_single_linux_20260911_023715_c0180-node-single-tcp.txt	bindings/node/perf/results/single/report/perf_node_single_linux_20260911_063227_c0180-node-single-tcp-clean.txt	c0180-node-single-tcp-clean
node	single	tcp	ROUTER_ROUTER	256	1189574.600	146598.000	12.3	31.110476	292.406557	9.40	complete (reused baseline)	complete	bindings/c/perf/results/single/report/perf_c_single_linux_20260911_023715_c0180-node-single-tcp.txt	bindings/node/perf/results/single/report/perf_node_single_linux_20260911_063227_c0180-node-single-tcp-clean.txt	c0180-node-single-tcp-clean
node	single	tcp	ROUTER_ROUTER	1024	776168.400	133167.000	17.2	10.574790	96.126568	9.09	complete (reused baseline)	complete	bindings/c/perf/results/single/report/perf_c_single_linux_20260911_023715_c0180-node-single-tcp.txt	bindings/node/perf/results/single/report/perf_node_single_linux_20260911_063227_c0180-node-single-tcp-clean.txt	c0180-node-single-tcp-clean
node	single	tcp	ROUTER_ROUTER	65536	39709.000	49290.800	124.1	0.340648	1.297175	3.81	complete (reused baseline)	complete	bindings/c/perf/results/single/report/perf_c_single_linux_20260911_023715_c0180-node-single-tcp.txt	bindings/node/perf/results/single/report/perf_node_single_linux_20260911_063227_c0180-node-single-tcp-clean.txt	c0180-node-single-tcp-clean
node	single	tcp	ROUTER_ROUTER	131072	24914.200	28793.200	115.6	0.272673	0.641323	2.35	complete (reused baseline)	complete	bindings/c/perf/results/single/report/perf_c_single_linux_20260911_023715_c0180-node-single-tcp.txt	bindings/node/perf/results/single/report/perf_node_single_linux_20260911_063227_c0180-node-single-tcp-clean.txt	c0180-node-single-tcp-clean
node	single	tcp	ROUTER_ROUTER	262144	15272.000	15097.600	98.9	0.244837	0.403358	1.65	complete (reused baseline)	complete	bindings/c/perf/results/single/report/perf_c_single_linux_20260911_023715_c0180-node-single-tcp.txt	bindings/node/perf/results/single/report/perf_node_single_linux_20260911_063227_c0180-node-single-tcp-clean.txt	c0180-node-single-tcp-clean
node	single	ws	PAIR	64	1976548.200	402800.800	20.4	46.923728	234.507398	5.00	complete (reused baseline)	complete	bindings/c/perf/results/single/report/perf_c_single_linux_20260911_024658_c0180-node-single-ws.txt	bindings/node/perf/results/single/report/perf_node_single_linux_20260911_063620_c0180-node-single-ws-clean.txt	c0180-node-single-ws-clean
node	single	ws	PAIR	256	1181582.000	335509.200	28.4	31.463609	122.565509	3.90	complete (reused baseline)	complete	bindings/c/perf/results/single/report/perf_c_single_linux_20260911_024658_c0180-node-single-ws.txt	bindings/node/perf/results/single/report/perf_node_single_linux_20260911_063620_c0180-node-single-ws-clean.txt	c0180-node-single-ws-clean
node	single	ws	PAIR	1024	758362.800	271011.200	35.7	13.086671	44.960525	3.44	complete (reused baseline)	complete	bindings/c/perf/results/single/report/perf_c_single_linux_20260911_024658_c0180-node-single-ws.txt	bindings/node/perf/results/single/report/perf_node_single_linux_20260911_063620_c0180-node-single-ws-clean.txt	c0180-node-single-ws-clean
node	single	ws	PAIR	65536	27426.200	45869.600	167.2	5.693172	0.460492	0.08	complete (reused baseline)	complete	bindings/c/perf/results/single/report/perf_c_single_linux_20260911_024658_c0180-node-single-ws.txt	bindings/node/perf/results/single/report/perf_node_single_linux_20260911_063620_c0180-node-single-ws-clean.txt	c0180-node-single-ws-clean
node	single	ws	PAIR	131072	16049.000	23642.400	147.3	4.715550	0.411608	0.09	complete (reused baseline)	complete	bindings/c/perf/results/single/report/perf_c_single_linux_20260911_024658_c0180-node-single-ws.txt	bindings/node/perf/results/single/report/perf_node_single_linux_20260911_063620_c0180-node-single-ws-clean.txt	c0180-node-single-ws-clean
node	single	ws	PAIR	262144	9624.800	11551.400	120.0	0.395670	0.388783	0.98	complete (reused baseline)	complete	bindings/c/perf/results/single/report/perf_c_single_linux_20260911_024658_c0180-node-single-ws.txt	bindings/node/perf/results/single/report/perf_node_single_linux_20260911_063620_c0180-node-single-ws-clean.txt	c0180-node-single-ws-clean
node	single	ws	PUBSUB	64	1455270.000	266076.000	18.3	54.655432	368.019946	6.73	complete (reused baseline)	complete	bindings/c/perf/results/single/report/perf_c_single_linux_20260911_024658_c0180-node-single-ws.txt	bindings/node/perf/results/single/report/perf_node_single_linux_20260911_063620_c0180-node-single-ws-clean.txt	c0180-node-single-ws-clean
node	single	ws	PUBSUB	256	1222956.000	250204.000	20.5	1.468711	159.465978	108.58	complete (reused baseline)	complete	bindings/c/perf/results/single/report/perf_c_single_linux_20260911_024658_c0180-node-single-ws.txt	bindings/node/perf/results/single/report/perf_node_single_linux_20260911_063620_c0180-node-single-ws-clean.txt	c0180-node-single-ws-clean
node	single	ws	PUBSUB	1024	711901.600	221545.800	31.1	0.596748	55.128004	92.38	complete (reused baseline)	complete	bindings/c/perf/results/single/report/perf_c_single_linux_20260911_024658_c0180-node-single-ws.txt	bindings/node/perf/results/single/report/perf_node_single_linux_20260911_063620_c0180-node-single-ws-clean.txt	c0180-node-single-ws-clean
node	single	ws	PUBSUB	65536	12520.200	11887.600	94.9	0.311899	0.409567	1.31	complete (reused baseline)	complete	bindings/c/perf/results/single/report/perf_c_single_linux_20260911_024658_c0180-node-single-ws.txt	bindings/node/perf/results/single/report/perf_node_single_linux_20260911_063620_c0180-node-single-ws-clean.txt	c0180-node-single-ws-clean
node	single	ws	PUBSUB	131072	5828.400	5880.000	100.9	0.285780	0.393218	1.38	complete (reused baseline)	complete	bindings/c/perf/results/single/report/perf_c_single_linux_20260911_024658_c0180-node-single-ws.txt	bindings/node/perf/results/single/report/perf_node_single_linux_20260911_063620_c0180-node-single-ws-clean.txt	c0180-node-single-ws-clean
node	single	ws	PUBSUB	262144	2486.000	3073.400	123.6	0.257034	0.452506	1.76	complete (reused baseline)	complete	bindings/c/perf/results/single/report/perf_c_single_linux_20260911_024658_c0180-node-single-ws.txt	bindings/node/perf/results/single/report/perf_node_single_linux_20260911_063620_c0180-node-single-ws-clean.txt	c0180-node-single-ws-clean
node	single	ws	DEALER_DEALER	64	1719075.400	359798.000	20.9	52.327266	281.381485	5.38	complete (reused baseline)	complete	bindings/c/perf/results/single/report/perf_c_single_linux_20260911_024658_c0180-node-single-ws.txt	bindings/node/perf/results/single/report/perf_node_single_linux_20260911_063620_c0180-node-single-ws-clean.txt	c0180-node-single-ws-clean
node	single	ws	DEALER_DEALER	256	1139027.200	300354.400	26.4	33.019313	136.647432	4.14	complete (reused baseline)	complete	bindings/c/perf/results/single/report/perf_c_single_linux_20260911_024658_c0180-node-single-ws.txt	bindings/node/perf/results/single/report/perf_node_single_linux_20260911_063620_c0180-node-single-ws-clean.txt	c0180-node-single-ws-clean
node	single	ws	DEALER_DEALER	1024	753457.400	260352.400	34.6	13.167353	43.288277	3.29	complete (reused baseline)	complete	bindings/c/perf/results/single/report/perf_c_single_linux_20260911_024658_c0180-node-single-ws.txt	bindings/node/perf/results/single/report/perf_node_single_linux_20260911_063620_c0180-node-single-ws-clean.txt	c0180-node-single-ws-clean
node	single	ws	DEALER_DEALER	65536	28462.400	47716.400	167.6	4.656384	0.426459	0.09	complete (reused baseline)	complete	bindings/c/perf/results/single/report/perf_c_single_linux_20260911_024658_c0180-node-single-ws.txt	bindings/node/perf/results/single/report/perf_node_single_linux_20260911_063620_c0180-node-single-ws-clean.txt	c0180-node-single-ws-clean
node	single	ws	DEALER_DEALER	131072	17126.000	23817.000	139.1	4.416572	0.430353	0.10	complete (reused baseline)	complete	bindings/c/perf/results/single/report/perf_c_single_linux_20260911_024658_c0180-node-single-ws.txt	bindings/node/perf/results/single/report/perf_node_single_linux_20260911_063620_c0180-node-single-ws-clean.txt	c0180-node-single-ws-clean
node	single	ws	DEALER_DEALER	262144	9923.400	11923.400	120.2	0.366593	0.385299	1.05	complete (reused baseline)	complete	bindings/c/perf/results/single/report/perf_c_single_linux_20260911_024658_c0180-node-single-ws.txt	bindings/node/perf/results/single/report/perf_node_single_linux_20260911_063620_c0180-node-single-ws-clean.txt	c0180-node-single-ws-clean
node	single	ws	DEALER_ROUTER	64	1730459.800	146906.800	8.5	49.751920	579.351577	11.64	complete (reused baseline)	complete	bindings/c/perf/results/single/report/perf_c_single_linux_20260911_024658_c0180-node-single-ws.txt	bindings/node/perf/results/single/report/perf_node_single_linux_20260911_063620_c0180-node-single-ws-clean.txt	c0180-node-single-ws-clean
node	single	ws	DEALER_ROUTER	256	1129255.600	146557.200	13.0	33.269504	233.367703	7.01	complete (reused baseline)	complete	bindings/c/perf/results/single/report/perf_c_single_linux_20260911_024658_c0180-node-single-ws.txt	bindings/node/perf/results/single/report/perf_node_single_linux_20260911_063620_c0180-node-single-ws-clean.txt	c0180-node-single-ws-clean
node	single	ws	DEALER_ROUTER	1024	749061.600	140325.800	18.7	13.030436	91.366110	7.01	complete (reused baseline)	complete	bindings/c/perf/results/single/report/perf_c_single_linux_20260911_024658_c0180-node-single-ws.txt	bindings/node/perf/results/single/report/perf_node_single_linux_20260911_063620_c0180-node-single-ws-clean.txt	c0180-node-single-ws-clean
node	single	ws	DEALER_ROUTER	65536	27956.200	39549.200	141.5	5.615428	0.946653	0.17	complete (reused baseline)	complete	bindings/c/perf/results/single/report/perf_c_single_linux_20260911_024658_c0180-node-single-ws.txt	bindings/node/perf/results/single/report/perf_node_single_linux_20260911_063620_c0180-node-single-ws-clean.txt	c0180-node-single-ws-clean
node	single	ws	DEALER_ROUTER	131072	16392.200	22173.800	135.3	4.347203	0.551052	0.13	complete (reused baseline)	complete	bindings/c/perf/results/single/report/perf_c_single_linux_20260911_024658_c0180-node-single-ws.txt	bindings/node/perf/results/single/report/perf_node_single_linux_20260911_063620_c0180-node-single-ws-clean.txt	c0180-node-single-ws-clean
node	single	ws	DEALER_ROUTER	262144	9787.800	11245.200	114.9	0.373803	0.418928	1.12	complete (reused baseline)	complete	bindings/c/perf/results/single/report/perf_c_single_linux_20260911_024658_c0180-node-single-ws.txt	bindings/node/perf/results/single/report/perf_node_single_linux_20260911_063620_c0180-node-single-ws-clean.txt	c0180-node-single-ws-clean
node	single	ws	ROUTER_ROUTER	64	1582046.600	148188.800	9.4	53.163930	614.853684	11.57	complete (reused baseline)	complete	bindings/c/perf/results/single/report/perf_c_single_linux_20260911_024658_c0180-node-single-ws.txt	bindings/node/perf/results/single/report/perf_node_single_linux_20260911_063620_c0180-node-single-ws-clean.txt	c0180-node-single-ws-clean
node	single	ws	ROUTER_ROUTER	256	1081993.600	147227.000	13.6	34.628108	287.868751	8.31	complete (reused baseline)	complete	bindings/c/perf/results/single/report/perf_c_single_linux_20260911_024658_c0180-node-single-ws.txt	bindings/node/perf/results/single/report/perf_node_single_linux_20260911_063620_c0180-node-single-ws-clean.txt	c0180-node-single-ws-clean
node	single	ws	ROUTER_ROUTER	1024	720773.800	139030.400	19.3	13.750356	92.156353	6.70	complete (reused baseline)	complete	bindings/c/perf/results/single/report/perf_c_single_linux_20260911_024658_c0180-node-single-ws.txt	bindings/node/perf/results/single/report/perf_node_single_linux_20260911_063620_c0180-node-single-ws-clean.txt	c0180-node-single-ws-clean
node	single	ws	ROUTER_ROUTER	65536	27709.400	38239.800	138.0	4.697755	0.926752	0.20	complete (reused baseline)	complete	bindings/c/perf/results/single/report/perf_c_single_linux_20260911_024658_c0180-node-single-ws.txt	bindings/node/perf/results/single/report/perf_node_single_linux_20260911_063620_c0180-node-single-ws-clean.txt	c0180-node-single-ws-clean
node	single	ws	ROUTER_ROUTER	131072	16034.000	22486.200	140.2	4.642393	0.538607	0.12	complete (reused baseline)	complete	bindings/c/perf/results/single/report/perf_c_single_linux_20260911_024658_c0180-node-single-ws.txt	bindings/node/perf/results/single/report/perf_node_single_linux_20260911_063620_c0180-node-single-ws-clean.txt	c0180-node-single-ws-clean
node	single	ws	ROUTER_ROUTER	262144	9672.200	11232.000	116.1	0.377860	0.433700	1.15	complete (reused baseline)	complete	bindings/c/perf/results/single/report/perf_c_single_linux_20260911_024658_c0180-node-single-ws.txt	bindings/node/perf/results/single/report/perf_node_single_linux_20260911_063620_c0180-node-single-ws-clean.txt	c0180-node-single-ws-clean
node	single	wss	PAIR	64	2176172.600	399614.000	18.4	41.353478	242.274440	5.86	complete (reused baseline)	complete	bindings/c/perf/results/single/report/perf_c_single_linux_20260911_025624_c0180-node-single-wss.txt	bindings/node/perf/results/single/report/perf_node_single_linux_20260911_064004_c0180-node-single-wss-clean.txt	c0180-node-single-wss-clean
node	single	wss	PAIR	256	1064611.400	335656.000	31.5	27.102604	123.133791	4.54	complete (reused baseline)	complete	bindings/c/perf/results/single/report/perf_c_single_linux_20260911_025624_c0180-node-single-wss.txt	bindings/node/perf/results/single/report/perf_node_single_linux_20260911_064004_c0180-node-single-wss-clean.txt	c0180-node-single-wss-clean
node	single	wss	PAIR	1024	418270.000	272250.600	65.1	21.009266	40.203458	1.91	complete (reused baseline)	complete	bindings/c/perf/results/single/report/perf_c_single_linux_20260911_025624_c0180-node-single-wss.txt	bindings/node/perf/results/single/report/perf_node_single_linux_20260911_064004_c0180-node-single-wss-clean.txt	c0180-node-single-wss-clean
node	single	wss	PAIR	65536	10906.200	19467.000	178.5	12.017677	6.277204	0.52	complete (reused baseline)	complete	bindings/c/perf/results/single/report/perf_c_single_linux_20260911_025624_c0180-node-single-wss.txt	bindings/node/perf/results/single/report/perf_node_single_linux_20260911_064004_c0180-node-single-wss-clean.txt	c0180-node-single-wss-clean
node	single	wss	PAIR	131072	6449.600	10643.200	165.0	10.088258	1.008112	0.10	complete (reused baseline)	complete	bindings/c/perf/results/single/report/perf_c_single_linux_20260911_025624_c0180-node-single-wss.txt	bindings/node/perf/results/single/report/perf_node_single_linux_20260911_064004_c0180-node-single-wss-clean.txt	c0180-node-single-wss-clean
node	single	wss	PAIR	262144	3435.200	5028.800	146.4	9.778484	0.793214	0.08	complete (reused baseline)	complete	bindings/c/perf/results/single/report/perf_c_single_linux_20260911_025624_c0180-node-single-wss.txt	bindings/node/perf/results/single/report/perf_node_single_linux_20260911_064004_c0180-node-single-wss-clean.txt	c0180-node-single-wss-clean
node	single	wss	PUBSUB	64	1591191.400	255431.600	16.1	39.576691	354.064292	8.95	complete (reused baseline)	complete	bindings/c/perf/results/single/report/perf_c_single_linux_20260911_025624_c0180-node-single-wss.txt	bindings/node/perf/results/single/report/perf_node_single_linux_20260911_064004_c0180-node-single-wss-clean.txt	c0180-node-single-wss-clean
node	single	wss	PUBSUB	256	1015626.800	241930.800	23.8	31.523996	161.639482	5.13	complete (reused baseline)	complete	bindings/c/perf/results/single/report/perf_c_single_linux_20260911_025624_c0180-node-single-wss.txt	bindings/node/perf/results/single/report/perf_node_single_linux_20260911_064004_c0180-node-single-wss-clean.txt	c0180-node-single-wss-clean
node	single	wss	PUBSUB	1024	431915.400	218898.000	50.7	17.730367	54.250683	3.06	complete (reused baseline)	complete	bindings/c/perf/results/single/report/perf_c_single_linux_20260911_025624_c0180-node-single-wss.txt	bindings/node/perf/results/single/report/perf_node_single_linux_20260911_064004_c0180-node-single-wss-clean.txt	c0180-node-single-wss-clean
node	single	wss	PUBSUB	65536	10971.200	12128.400	110.5	10.415585	0.576375	0.06	complete (reused baseline)	complete	bindings/c/perf/results/single/report/perf_c_single_linux_20260911_025624_c0180-node-single-wss.txt	bindings/node/perf/results/single/report/perf_node_single_linux_20260911_064004_c0180-node-single-wss-clean.txt	c0180-node-single-wss-clean
node	single	wss	PUBSUB	131072	5981.800	5598.200	93.6	0.768638	0.553779	0.72	complete (reused baseline)	complete	bindings/c/perf/results/single/report/perf_c_single_linux_20260911_025624_c0180-node-single-wss.txt	bindings/node/perf/results/single/report/perf_node_single_linux_20260911_064004_c0180-node-single-wss-clean.txt	c0180-node-single-wss-clean
node	single	wss	PUBSUB	262144	2515.600	2194.800	87.2	0.649528	0.630496	0.97	complete (reused baseline)	complete	bindings/c/perf/results/single/report/perf_c_single_linux_20260911_025624_c0180-node-single-wss.txt	bindings/node/perf/results/single/report/perf_node_single_linux_20260911_064004_c0180-node-single-wss-clean.txt	c0180-node-single-wss-clean
node	single	wss	DEALER_DEALER	64	1792837.200	352877.000	19.7	63.837485	277.745101	4.35	complete (reused baseline)	complete	bindings/c/perf/results/single/report/perf_c_single_linux_20260911_025624_c0180-node-single-wss.txt	bindings/node/perf/results/single/report/perf_node_single_linux_20260911_064004_c0180-node-single-wss-clean.txt	c0180-node-single-wss-clean
node	single	wss	DEALER_DEALER	256	1055698.200	299489.200	28.4	35.154807	118.996056	3.38	complete (reused baseline)	complete	bindings/c/perf/results/single/report/perf_c_single_linux_20260911_025624_c0180-node-single-wss.txt	bindings/node/perf/results/single/report/perf_node_single_linux_20260911_064004_c0180-node-single-wss-clean.txt	c0180-node-single-wss-clean
node	single	wss	DEALER_DEALER	1024	421910.800	253933.600	60.2	21.976605	49.366152	2.25	complete (reused baseline)	complete	bindings/c/perf/results/single/report/perf_c_single_linux_20260911_025624_c0180-node-single-wss.txt	bindings/node/perf/results/single/report/perf_node_single_linux_20260911_064004_c0180-node-single-wss-clean.txt	c0180-node-single-wss-clean
node	single	wss	DEALER_DEALER	65536	10939.800	19149.600	175.0	10.467269	7.719153	0.74	complete (reused baseline)	complete	bindings/c/perf/results/single/report/perf_c_single_linux_20260911_025624_c0180-node-single-wss.txt	bindings/node/perf/results/single/report/perf_node_single_linux_20260911_064004_c0180-node-single-wss-clean.txt	c0180-node-single-wss-clean
node	single	wss	DEALER_DEALER	131072	6502.200	10629.400	163.5	9.518394	1.110165	0.12	complete (reused baseline)	complete	bindings/c/perf/results/single/report/perf_c_single_linux_20260911_025624_c0180-node-single-wss.txt	bindings/node/perf/results/single/report/perf_node_single_linux_20260911_064004_c0180-node-single-wss-clean.txt	c0180-node-single-wss-clean
node	single	wss	DEALER_DEALER	262144	3368.800	5041.000	149.6	9.050401	0.776921	0.09	complete (reused baseline)	complete	bindings/c/perf/results/single/report/perf_c_single_linux_20260911_025624_c0180-node-single-wss.txt	bindings/node/perf/results/single/report/perf_node_single_linux_20260911_064004_c0180-node-single-wss-clean.txt	c0180-node-single-wss-clean
node	single	wss	DEALER_ROUTER	64	1857324.800	153817.800	8.3	47.806340	580.883289	12.15	complete (reused baseline)	complete	bindings/c/perf/results/single/report/perf_c_single_linux_20260911_025624_c0180-node-single-wss.txt	bindings/node/perf/results/single/report/perf_node_single_linux_20260911_064004_c0180-node-single-wss-clean.txt	c0180-node-single-wss-clean
node	single	wss	DEALER_ROUTER	256	1094731.200	146653.000	13.4	29.207204	295.572166	10.12	complete (reused baseline)	complete	bindings/c/perf/results/single/report/perf_c_single_linux_20260911_025624_c0180-node-single-wss.txt	bindings/node/perf/results/single/report/perf_node_single_linux_20260911_064004_c0180-node-single-wss-clean.txt	c0180-node-single-wss-clean
node	single	wss	DEALER_ROUTER	1024	431175.800	141478.800	32.8	21.193499	92.440858	4.36	complete (reused baseline)	complete	bindings/c/perf/results/single/report/perf_c_single_linux_20260911_025624_c0180-node-single-wss.txt	bindings/node/perf/results/single/report/perf_node_single_linux_20260911_064004_c0180-node-single-wss-clean.txt	c0180-node-single-wss-clean
node	single	wss	DEALER_ROUTER	65536	10773.800	18615.800	172.8	12.260683	7.959141	0.65	complete (reused baseline)	complete	bindings/c/perf/results/single/report/perf_c_single_linux_20260911_025624_c0180-node-single-wss.txt	bindings/node/perf/results/single/report/perf_node_single_linux_20260911_064004_c0180-node-single-wss-clean.txt	c0180-node-single-wss-clean
node	single	wss	DEALER_ROUTER	131072	6464.800	10451.200	161.7	9.871144	1.304564	0.13	complete (reused baseline)	complete	bindings/c/perf/results/single/report/perf_c_single_linux_20260911_025624_c0180-node-single-wss.txt	bindings/node/perf/results/single/report/perf_node_single_linux_20260911_064004_c0180-node-single-wss-clean.txt	c0180-node-single-wss-clean
node	single	wss	DEALER_ROUTER	262144	3459.600	5047.000	145.9	8.743135	0.786393	0.09	complete (reused baseline)	complete	bindings/c/perf/results/single/report/perf_c_single_linux_20260911_025624_c0180-node-single-wss.txt	bindings/node/perf/results/single/report/perf_node_single_linux_20260911_064004_c0180-node-single-wss-clean.txt	c0180-node-single-wss-clean
node	single	wss	ROUTER_ROUTER	64	1650174.200	153004.000	9.3	55.342428	626.045830	11.31	complete (reused baseline)	complete	bindings/c/perf/results/single/report/perf_c_single_linux_20260911_025624_c0180-node-single-wss.txt	bindings/node/perf/results/single/report/perf_node_single_linux_20260911_064004_c0180-node-single-wss-clean.txt	c0180-node-single-wss-clean
node	single	wss	ROUTER_ROUTER	256	1000797.400	147105.000	14.7	27.419522	252.790410	9.22	complete (reused baseline)	complete	bindings/c/perf/results/single/report/perf_c_single_linux_20260911_025624_c0180-node-single-wss.txt	bindings/node/perf/results/single/report/perf_node_single_linux_20260911_064004_c0180-node-single-wss-clean.txt	c0180-node-single-wss-clean
node	single	wss	ROUTER_ROUTER	1024	403211.000	141300.400	35.0	24.225494	91.416119	3.77	complete (reused baseline)	complete	bindings/c/perf/results/single/report/perf_c_single_linux_20260911_025624_c0180-node-single-wss.txt	bindings/node/perf/results/single/report/perf_node_single_linux_20260911_064004_c0180-node-single-wss-clean.txt	c0180-node-single-wss-clean
node	single	wss	ROUTER_ROUTER	65536	10235.200	17865.400	174.5	13.105540	7.823692	0.60	complete (reused baseline)	complete	bindings/c/perf/results/single/report/perf_c_single_linux_20260911_025624_c0180-node-single-wss.txt	bindings/node/perf/results/single/report/perf_node_single_linux_20260911_064004_c0180-node-single-wss-clean.txt	c0180-node-single-wss-clean
node	single	wss	ROUTER_ROUTER	131072	6115.800	10777.200	176.2	11.129137	4.767982	0.43	complete (reused baseline)	complete	bindings/c/perf/results/single/report/perf_c_single_linux_20260911_025624_c0180-node-single-wss.txt	bindings/node/perf/results/single/report/perf_node_single_linux_20260911_064004_c0180-node-single-wss-clean.txt	c0180-node-single-wss-clean
node	single	wss	ROUTER_ROUTER	262144	3286.000	5084.600	154.7	10.803973	0.773115	0.07	complete (reused baseline)	complete	bindings/c/perf/results/single/report/perf_c_single_linux_20260911_025624_c0180-node-single-wss.txt	bindings/node/perf/results/single/report/perf_node_single_linux_20260911_064004_c0180-node-single-wss-clean.txt	c0180-node-single-wss-clean
node	single	tls	PAIR	64	1957211.600	381489.600	19.5	2.262711	234.473068	103.62	complete (reused baseline)	complete	bindings/c/perf/results/single/report/perf_c_single_linux_20260911_030534_c0180-node-single-tls.txt	bindings/node/perf/results/single/report/perf_node_single_linux_20260911_064346_c0180-node-single-tls-clean.txt	c0180-node-single-tls-clean
node	single	tls	PAIR	256	896855.200	319783.800	35.7	2.523739	109.269688	43.30	complete (reused baseline)	complete	bindings/c/perf/results/single/report/perf_c_single_linux_20260911_030534_c0180-node-single-tls.txt	bindings/node/perf/results/single/report/perf_node_single_linux_20260911_064346_c0180-node-single-tls-clean.txt	c0180-node-single-tls-clean
node	single	tls	PAIR	1024	315043.800	273996.400	87.0	2.293968	45.008486	19.62	complete (reused baseline)	complete	bindings/c/perf/results/single/report/perf_c_single_linux_20260911_030534_c0180-node-single-tls.txt	bindings/node/perf/results/single/report/perf_node_single_linux_20260911_064346_c0180-node-single-tls-clean.txt	c0180-node-single-tls-clean
node	single	tls	PAIR	65536	12435.000	23022.200	185.1	1.011118	6.561976	6.49	complete (reused baseline)	complete	bindings/c/perf/results/single/report/perf_c_single_linux_20260911_030534_c0180-node-single-tls.txt	bindings/node/perf/results/single/report/perf_node_single_linux_20260911_064346_c0180-node-single-tls-clean.txt	c0180-node-single-tls-clean
node	single	tls	PAIR	131072	7235.600	13184.800	182.2	0.902425	5.501493	6.10	complete (reused baseline)	complete	bindings/c/perf/results/single/report/perf_c_single_linux_20260911_030534_c0180-node-single-tls.txt	bindings/node/perf/results/single/report/perf_node_single_linux_20260911_064346_c0180-node-single-tls-clean.txt	c0180-node-single-tls-clean
node	single	tls	PAIR	262144	3969.400	6531.000	164.5	0.894251	0.761769	0.85	complete (reused baseline)	complete	bindings/c/perf/results/single/report/perf_c_single_linux_20260911_030534_c0180-node-single-tls.txt	bindings/node/perf/results/single/report/perf_node_single_linux_20260911_064346_c0180-node-single-tls-clean.txt	c0180-node-single-tls-clean
node	single	tls	PUBSUB	64	1445682.000	266191.000	18.4	2.189351	340.095447	155.34	complete (reused baseline)	complete	bindings/c/perf/results/single/report/perf_c_single_linux_20260911_030534_c0180-node-single-tls.txt	bindings/node/perf/results/single/report/perf_node_single_linux_20260911_064346_c0180-node-single-tls-clean.txt	c0180-node-single-tls-clean
node	single	tls	PUBSUB	256	778832.000	253203.400	32.5	2.401935	146.961576	61.18	complete (reused baseline)	complete	bindings/c/perf/results/single/report/perf_c_single_linux_20260911_030534_c0180-node-single-tls.txt	bindings/node/perf/results/single/report/perf_node_single_linux_20260911_064346_c0180-node-single-tls-clean.txt	c0180-node-single-tls-clean
node	single	tls	PUBSUB	1024	300552.400	226485.000	75.4	2.345996	53.585992	22.84	complete (reused baseline)	complete	bindings/c/perf/results/single/report/perf_c_single_linux_20260911_030534_c0180-node-single-tls.txt	bindings/node/perf/results/single/report/perf_node_single_linux_20260911_064346_c0180-node-single-tls-clean.txt	c0180-node-single-tls-clean
node	single	tls	PUBSUB	65536	12113.200	12059.400	99.6	0.710734	0.553573	0.78	complete (reused baseline)	complete	bindings/c/perf/results/single/report/perf_c_single_linux_20260911_030534_c0180-node-single-tls.txt	bindings/node/perf/results/single/report/perf_node_single_linux_20260911_064346_c0180-node-single-tls-clean.txt	c0180-node-single-tls-clean
node	single	tls	PUBSUB	131072	6060.000	6073.200	100.2	0.582842	0.558502	0.96	complete (reused baseline)	complete	bindings/c/perf/results/single/report/perf_c_single_linux_20260911_030534_c0180-node-single-tls.txt	bindings/node/perf/results/single/report/perf_node_single_linux_20260911_064346_c0180-node-single-tls-clean.txt	c0180-node-single-tls-clean
node	single	tls	PUBSUB	262144	2500.800	2268.800	90.7	0.559383	0.560742	1.00	complete (reused baseline)	complete	bindings/c/perf/results/single/report/perf_c_single_linux_20260911_030534_c0180-node-single-tls.txt	bindings/node/perf/results/single/report/perf_node_single_linux_20260911_064346_c0180-node-single-tls-clean.txt	c0180-node-single-tls-clean
node	single	tls	DEALER_DEALER	64	1991426.600	345334.200	17.3	2.640102	288.409101	109.24	complete (reused baseline)	complete	bindings/c/perf/results/single/report/perf_c_single_linux_20260911_030534_c0180-node-single-tls.txt	bindings/node/perf/results/single/report/perf_node_single_linux_20260911_064346_c0180-node-single-tls-clean.txt	c0180-node-single-tls-clean
node	single	tls	DEALER_DEALER	256	985967.400	299741.400	30.4	2.316530	129.908022	56.08	complete (reused baseline)	complete	bindings/c/perf/results/single/report/perf_c_single_linux_20260911_030534_c0180-node-single-tls.txt	bindings/node/perf/results/single/report/perf_node_single_linux_20260911_064346_c0180-node-single-tls-clean.txt	c0180-node-single-tls-clean
node	single	tls	DEALER_DEALER	1024	314026.000	255862.600	81.5	2.309068	48.437999	20.98	complete (reused baseline)	complete	bindings/c/perf/results/single/report/perf_c_single_linux_20260911_030534_c0180-node-single-tls.txt	bindings/node/perf/results/single/report/perf_node_single_linux_20260911_064346_c0180-node-single-tls-clean.txt	c0180-node-single-tls-clean
node	single	tls	DEALER_DEALER	65536	12294.200	21794.600	177.3	1.020450	6.956118	6.82	complete (reused baseline)	complete	bindings/c/perf/results/single/report/perf_c_single_linux_20260911_030534_c0180-node-single-tls.txt	bindings/node/perf/results/single/report/perf_node_single_linux_20260911_064346_c0180-node-single-tls-clean.txt	c0180-node-single-tls-clean
node	single	tls	DEALER_DEALER	131072	7008.600	12728.000	181.6	0.927034	5.445706	5.87	complete (reused baseline)	complete	bindings/c/perf/results/single/report/perf_c_single_linux_20260911_030534_c0180-node-single-tls.txt	bindings/node/perf/results/single/report/perf_node_single_linux_20260911_064346_c0180-node-single-tls-clean.txt	c0180-node-single-tls-clean
node	single	tls	DEALER_DEALER	262144	3939.400	6432.800	163.3	0.895999	0.739211	0.83	complete (reused baseline)	complete	bindings/c/perf/results/single/report/perf_c_single_linux_20260911_030534_c0180-node-single-tls.txt	bindings/node/perf/results/single/report/perf_node_single_linux_20260911_064346_c0180-node-single-tls-clean.txt	c0180-node-single-tls-clean
node	single	tls	DEALER_ROUTER	64	1952470.400	154271.400	7.9	2.149015	575.395535	267.75	complete (reused baseline)	complete	bindings/c/perf/results/single/report/perf_c_single_linux_20260911_030534_c0180-node-single-tls.txt	bindings/node/perf/results/single/report/perf_node_single_linux_20260911_064346_c0180-node-single-tls-clean.txt	c0180-node-single-tls-clean
node	single	tls	DEALER_ROUTER	256	942579.800	146661.200	15.6	2.412714	254.618371	105.53	complete (reused baseline)	complete	bindings/c/perf/results/single/report/perf_c_single_linux_20260911_030534_c0180-node-single-tls.txt	bindings/node/perf/results/single/report/perf_node_single_linux_20260911_064346_c0180-node-single-tls-clean.txt	c0180-node-single-tls-clean
node	single	tls	DEALER_ROUTER	1024	312011.200	141521.400	45.4	2.324018	92.179607	39.66	complete (reused baseline)	complete	bindings/c/perf/results/single/report/perf_c_single_linux_20260911_030534_c0180-node-single-tls.txt	bindings/node/perf/results/single/report/perf_node_single_linux_20260911_064346_c0180-node-single-tls-clean.txt	c0180-node-single-tls-clean
node	single	tls	DEALER_ROUTER	65536	12199.400	21138.800	173.3	1.025356	7.214206	7.04	complete (reused baseline)	complete	bindings/c/perf/results/single/report/perf_c_single_linux_20260911_030534_c0180-node-single-tls.txt	bindings/node/perf/results/single/report/perf_node_single_linux_20260911_064346_c0180-node-single-tls-clean.txt	c0180-node-single-tls-clean
node	single	tls	DEALER_ROUTER	131072	7436.800	12285.800	165.2	0.878466	6.123274	6.97	complete (reused baseline)	complete	bindings/c/perf/results/single/report/perf_c_single_linux_20260911_030534_c0180-node-single-tls.txt	bindings/node/perf/results/single/report/perf_node_single_linux_20260911_064346_c0180-node-single-tls-clean.txt	c0180-node-single-tls-clean
node	single	tls	DEALER_ROUTER	262144	4087.600	6391.800	156.4	0.864557	0.715560	0.83	complete (reused baseline)	complete	bindings/c/perf/results/single/report/perf_c_single_linux_20260911_030534_c0180-node-single-tls.txt	bindings/node/perf/results/single/report/perf_node_single_linux_20260911_064346_c0180-node-single-tls-clean.txt	c0180-node-single-tls-clean
node	single	tls	ROUTER_ROUTER	64	1684017.400	153086.600	9.1	49.259437	673.916947	13.68	complete (reused baseline)	complete	bindings/c/perf/results/single/report/perf_c_single_linux_20260911_030534_c0180-node-single-tls.txt	bindings/node/perf/results/single/report/perf_node_single_linux_20260911_064346_c0180-node-single-tls-clean.txt	c0180-node-single-tls-clean
node	single	tls	ROUTER_ROUTER	256	966376.400	147263.000	15.2	36.680816	246.864411	6.73	complete (reused baseline)	complete	bindings/c/perf/results/single/report/perf_c_single_linux_20260911_030534_c0180-node-single-tls.txt	bindings/node/perf/results/single/report/perf_node_single_linux_20260911_064346_c0180-node-single-tls-clean.txt	c0180-node-single-tls-clean
node	single	tls	ROUTER_ROUTER	1024	420123.200	139531.400	33.2	18.325599	91.533391	4.99	complete (reused baseline)	complete	bindings/c/perf/results/single/report/perf_c_single_linux_20260911_030534_c0180-node-single-tls.txt	bindings/node/perf/results/single/report/perf_node_single_linux_20260911_064346_c0180-node-single-tls-clean.txt	c0180-node-single-tls-clean
node	single	tls	ROUTER_ROUTER	65536	13254.200	20454.000	154.3	9.494632	7.365597	0.78	complete (reused baseline)	complete	bindings/c/perf/results/single/report/perf_c_single_linux_20260911_030534_c0180-node-single-tls.txt	bindings/node/perf/results/single/report/perf_node_single_linux_20260911_064346_c0180-node-single-tls-clean.txt	c0180-node-single-tls-clean
node	single	tls	ROUTER_ROUTER	131072	7656.800	11958.000	156.2	8.012687	6.195118	0.77	complete (reused baseline)	complete	bindings/c/perf/results/single/report/perf_c_single_linux_20260911_030534_c0180-node-single-tls.txt	bindings/node/perf/results/single/report/perf_node_single_linux_20260911_064346_c0180-node-single-tls-clean.txt	c0180-node-single-tls-clean
node	single	tls	ROUTER_ROUTER	262144	4128.600	6081.600	147.3	7.673967	0.915560	0.12	complete (reused baseline)	complete	bindings/c/perf/results/single/report/perf_c_single_linux_20260911_030534_c0180-node-single-tls.txt	bindings/node/perf/results/single/report/perf_node_single_linux_20260911_064346_c0180-node-single-tls-clean.txt	c0180-node-single-tls-clean
node	single	ipc	PAIR	64	2305624.200	455723.000	19.8	1.787409	38.176808	21.36	complete (reused baseline)	complete	bindings/c/perf/results/single/report/perf_c_single_linux_20260911_031837_c0180-node-single-ipc.txt	bindings/node/perf/results/single/report/perf_node_single_linux_20260911_064730_c0180-node-single-ipc-clean.txt	c0180-node-single-ipc-clean
node	single	ipc	PAIR	256	1310147.200	356980.200	27.2	1.772036	32.265719	18.21	complete (reused baseline)	complete	bindings/c/perf/results/single/report/perf_c_single_linux_20260911_031837_c0180-node-single-ipc.txt	bindings/node/perf/results/single/report/perf_node_single_linux_20260911_064730_c0180-node-single-ipc-clean.txt	c0180-node-single-ipc-clean
node	single	ipc	PAIR	1024	748786.600	285464.400	38.1	1.003920	14.550570	14.49	complete (reused baseline)	complete	bindings/c/perf/results/single/report/perf_c_single_linux_20260911_031837_c0180-node-single-ipc.txt	bindings/node/perf/results/single/report/perf_node_single_linux_20260911_064730_c0180-node-single-ipc-clean.txt	c0180-node-single-ipc-clean
node	single	ipc	PAIR	65536	44648.400	64861.400	145.3	0.303181	0.287952	0.95	complete (reused baseline)	complete	bindings/c/perf/results/single/report/perf_c_single_linux_20260911_031837_c0180-node-single-ipc.txt	bindings/node/perf/results/single/report/perf_node_single_linux_20260911_064730_c0180-node-single-ipc-clean.txt	c0180-node-single-ipc-clean
node	single	ipc	PAIR	131072	27498.200	34910.400	127.0	0.248867	0.285411	1.15	complete (reused baseline)	complete	bindings/c/perf/results/single/report/perf_c_single_linux_20260911_031837_c0180-node-single-ipc.txt	bindings/node/perf/results/single/report/perf_node_single_linux_20260911_064730_c0180-node-single-ipc-clean.txt	c0180-node-single-ipc-clean
node	single	ipc	PAIR	262144	16770.400	18463.400	110.1	0.225198	0.277351	1.23	complete (reused baseline)	complete	bindings/c/perf/results/single/report/perf_c_single_linux_20260911_031837_c0180-node-single-ipc.txt	bindings/node/perf/results/single/report/perf_node_single_linux_20260911_064730_c0180-node-single-ipc-clean.txt	c0180-node-single-ipc-clean
node	single	ipc	PUBSUB	64	1593098.400	308452.400	19.4	1.799569	59.481202	33.05	complete (reused baseline)	complete	bindings/c/perf/results/single/report/perf_c_single_linux_20260911_031837_c0180-node-single-ipc.txt	bindings/node/perf/results/single/report/perf_node_single_linux_20260911_064730_c0180-node-single-ipc-clean.txt	c0180-node-single-ipc-clean
node	single	ipc	PUBSUB	256	1173917.400	272330.600	23.2	1.177446	37.410459	31.77	complete (reused baseline)	complete	bindings/c/perf/results/single/report/perf_c_single_linux_20260911_031837_c0180-node-single-ipc.txt	bindings/node/perf/results/single/report/perf_node_single_linux_20260911_064730_c0180-node-single-ipc-clean.txt	c0180-node-single-ipc-clean
node	single	ipc	PUBSUB	1024	676102.400	232510.400	34.4	0.603416	15.963235	26.45	complete (reused baseline)	complete	bindings/c/perf/results/single/report/perf_c_single_linux_20260911_031837_c0180-node-single-ipc.txt	bindings/node/perf/results/single/report/perf_node_single_linux_20260911_064730_c0180-node-single-ipc-clean.txt	c0180-node-single-ipc-clean
node	single	ipc	PUBSUB	65536	12584.200	12655.000	100.6	0.216504	0.348934	1.61	complete (reused baseline)	complete	bindings/c/perf/results/single/report/perf_c_single_linux_20260911_031837_c0180-node-single-ipc.txt	bindings/node/perf/results/single/report/perf_node_single_linux_20260911_064730_c0180-node-single-ipc-clean.txt	c0180-node-single-ipc-clean
node	single	ipc	PUBSUB	131072	5863.000	6347.200	108.3	0.212533	0.318483	1.50	complete (reused baseline)	complete	bindings/c/perf/results/single/report/perf_c_single_linux_20260911_031837_c0180-node-single-ipc.txt	bindings/node/perf/results/single/report/perf_node_single_linux_20260911_064730_c0180-node-single-ipc-clean.txt	c0180-node-single-ipc-clean
node	single	ipc	PUBSUB	262144	2454.000	3413.400	139.1	0.220042	0.352537	1.60	complete (reused baseline)	complete	bindings/c/perf/results/single/report/perf_c_single_linux_20260911_031837_c0180-node-single-ipc.txt	bindings/node/perf/results/single/report/perf_node_single_linux_20260911_064730_c0180-node-single-ipc-clean.txt	c0180-node-single-ipc-clean
node	single	ipc	DEALER_DEALER	64	1982672.400	417208.800	21.0	12.693127	41.546235	3.27	complete (reused baseline)	complete	bindings/c/perf/results/single/report/perf_c_single_linux_20260911_031837_c0180-node-single-ipc.txt	bindings/node/perf/results/single/report/perf_node_single_linux_20260911_064730_c0180-node-single-ipc-clean.txt	c0180-node-single-ipc-clean
node	single	ipc	DEALER_DEALER	256	1313863.400	339763.400	25.9	1.783905	35.286012	19.78	complete (reused baseline)	complete	bindings/c/perf/results/single/report/perf_c_single_linux_20260911_031837_c0180-node-single-ipc.txt	bindings/node/perf/results/single/report/perf_node_single_linux_20260911_064730_c0180-node-single-ipc-clean.txt	c0180-node-single-ipc-clean
node	single	ipc	DEALER_DEALER	1024	860108.000	267913.600	31.1	0.874803	15.335842	17.53	complete (reused baseline)	complete	bindings/c/perf/results/single/report/perf_c_single_linux_20260911_031837_c0180-node-single-ipc.txt	bindings/node/perf/results/single/report/perf_node_single_linux_20260911_064730_c0180-node-single-ipc-clean.txt	c0180-node-single-ipc-clean
node	single	ipc	DEALER_DEALER	65536	42102.800	62651.600	148.8	0.323748	0.302404	0.93	complete (reused baseline)	complete	bindings/c/perf/results/single/report/perf_c_single_linux_20260911_031837_c0180-node-single-ipc.txt	bindings/node/perf/results/single/report/perf_node_single_linux_20260911_064730_c0180-node-single-ipc-clean.txt	c0180-node-single-ipc-clean
node	single	ipc	DEALER_DEALER	131072	27825.800	30629.200	110.1	0.244646	0.311427	1.27	complete (reused baseline)	complete	bindings/c/perf/results/single/report/perf_c_single_linux_20260911_031837_c0180-node-single-ipc.txt	bindings/node/perf/results/single/report/perf_node_single_linux_20260911_064730_c0180-node-single-ipc-clean.txt	c0180-node-single-ipc-clean
node	single	ipc	DEALER_DEALER	262144	16376.400	17942.400	109.6	0.227372	0.299779	1.32	complete (reused baseline)	complete	bindings/c/perf/results/single/report/perf_c_single_linux_20260911_031837_c0180-node-single-ipc.txt	bindings/node/perf/results/single/report/perf_node_single_linux_20260911_064730_c0180-node-single-ipc-clean.txt	c0180-node-single-ipc-clean
node	single	ipc	DEALER_ROUTER	64	1939006.000	155309.400	8.0	2.374382	171.601822	72.27	complete (reused baseline)	complete	bindings/c/perf/results/single/report/perf_c_single_linux_20260911_031837_c0180-node-single-ipc.txt	bindings/node/perf/results/single/report/perf_node_single_linux_20260911_064730_c0180-node-single-ipc-clean.txt	c0180-node-single-ipc-clean
node	single	ipc	DEALER_ROUTER	256	1312551.400	152090.600	11.6	1.788354	85.811204	47.98	complete (reused baseline)	complete	bindings/c/perf/results/single/report/perf_c_single_linux_20260911_031837_c0180-node-single-ipc.txt	bindings/node/perf/results/single/report/perf_node_single_linux_20260911_064730_c0180-node-single-ipc-clean.txt	c0180-node-single-ipc-clean
node	single	ipc	DEALER_ROUTER	1024	848077.200	142287.400	16.8	0.886898	30.629860	34.54	complete (reused baseline)	complete	bindings/c/perf/results/single/report/perf_c_single_linux_20260911_031837_c0180-node-single-ipc.txt	bindings/node/perf/results/single/report/perf_node_single_linux_20260911_064730_c0180-node-single-ipc-clean.txt	c0180-node-single-ipc-clean
node	single	ipc	DEALER_ROUTER	65536	44324.000	48244.800	108.8	0.303543	0.663471	2.19	complete (reused baseline)	complete	bindings/c/perf/results/single/report/perf_c_single_linux_20260911_031837_c0180-node-single-ipc.txt	bindings/node/perf/results/single/report/perf_node_single_linux_20260911_064730_c0180-node-single-ipc-clean.txt	c0180-node-single-ipc-clean
node	single	ipc	DEALER_ROUTER	131072	28494.400	27387.600	96.1	0.237256	0.392908	1.66	complete (reused baseline)	complete	bindings/c/perf/results/single/report/perf_c_single_linux_20260911_031837_c0180-node-single-ipc.txt	bindings/node/perf/results/single/report/perf_node_single_linux_20260911_064730_c0180-node-single-ipc-clean.txt	c0180-node-single-ipc-clean
node	single	ipc	DEALER_ROUTER	262144	16436.400	16400.000	99.8	0.228180	0.325868	1.43	complete (reused baseline)	complete	bindings/c/perf/results/single/report/perf_c_single_linux_20260911_031837_c0180-node-single-ipc.txt	bindings/node/perf/results/single/report/perf_node_single_linux_20260911_064730_c0180-node-single-ipc-clean.txt	c0180-node-single-ipc-clean
node	single	ipc	ROUTER_ROUTER	64	1729192.200	158500.400	9.2	0.134838	148.563344	1101.79	complete (reused baseline)	complete	bindings/c/perf/results/single/report/perf_c_single_linux_20260911_031837_c0180-node-single-ipc.txt	bindings/node/perf/results/single/report/perf_node_single_linux_20260911_064730_c0180-node-single-ipc-clean.txt	c0180-node-single-ipc-clean
node	single	ipc	ROUTER_ROUTER	256	1267891.600	150100.600	11.8	2.232206	79.052956	35.41	complete (reused baseline)	complete	bindings/c/perf/results/single/report/perf_c_single_linux_20260911_031837_c0180-node-single-ipc.txt	bindings/node/perf/results/single/report/perf_node_single_linux_20260911_064730_c0180-node-single-ipc-clean.txt	c0180-node-single-ipc-clean
node	single	ipc	ROUTER_ROUTER	1024	851429.200	138125.600	16.2	1.044766	28.973327	27.73	complete (reused baseline)	complete	bindings/c/perf/results/single/report/perf_c_single_linux_20260911_031837_c0180-node-single-ipc.txt	bindings/node/perf/results/single/report/perf_node_single_linux_20260911_064730_c0180-node-single-ipc-clean.txt	c0180-node-single-ipc-clean
node	single	ipc	ROUTER_ROUTER	65536	41830.000	47511.800	113.6	0.322279	0.624528	1.94	complete (reused baseline)	complete	bindings/c/perf/results/single/report/perf_c_single_linux_20260911_031837_c0180-node-single-ipc.txt	bindings/node/perf/results/single/report/perf_node_single_linux_20260911_064730_c0180-node-single-ipc-clean.txt	c0180-node-single-ipc-clean
node	single	ipc	ROUTER_ROUTER	131072	27105.000	27508.800	101.5	0.249368	0.390272	1.57	complete (reused baseline)	complete	bindings/c/perf/results/single/report/perf_c_single_linux_20260911_031837_c0180-node-single-ipc.txt	bindings/node/perf/results/single/report/perf_node_single_linux_20260911_064730_c0180-node-single-ipc-clean.txt	c0180-node-single-ipc-clean
node	single	ipc	ROUTER_ROUTER	262144	16419.000	14538.400	88.5	0.226025	0.312936	1.38	complete (reused baseline)	complete	bindings/c/perf/results/single/report/perf_c_single_linux_20260911_031837_c0180-node-single-ipc.txt	bindings/node/perf/results/single/report/perf_node_single_linux_20260911_064730_c0180-node-single-ipc-clean.txt	c0180-node-single-ipc-clean
